sym	name	type	EnsemblID	EntrezGeneID	OMIMID	RefSeqID	UniProtID	UCSCID	start	end	strand	GO_C	GO_F	GO_P	HPAclass	HPAlocation	HPAprognostic	HPAcancerCat	HPAtissueCat	HPAspecificExpr	HPAnonSpecificExpr
ABHD12	abhydrolase domain containing 12	protein	ENSG00000100997	26090	613599.0	NM_001042472	Q8N2K0	uc002wus.3	25294743	25390983.0	-1	GO:0005737	GO:0003674	GO:0006629	Disease related genes, Enzymes, Potential drug targets, Predicted intracellular proteins, Predicted membrane proteins		Cervical cancer:1.30e-5 (favourable), Breast cancer:3.81e-5 (unfavourable), Liver cancer:7.18e-4 (unfavourable)	Expressed in all	Expressed in all		epididymis: 137.3
ACTR5	ARP5 actin related protein 5 homolog	protein	ENSG00000101442	79913		NM_024855	Q9H9F9	uc002xjd.3	38748442	38772520.0	1	GO:0005654	GO:0003674	GO:0006259	Predicted intracellular proteins		Liver cancer:1.84e-5 (unfavourable), Renal cancer:1.37e-4 (unfavourable)	Expressed in all	Mixed		testis: 16.5
ADNP	activity dependent neuroprotector homeobox	protein	ENSG00000101126	23394	611386.0	NM_001282531	Q9H2P0	uc002xvt.3	50888919	50931240.0	-1	GO:0005615	GO:0008092	GO:0050877	Cancer-related genes, Disease related genes, Predicted intracellular proteins, Transcription factors	Nucleoplasm	Liver cancer:1.65e-5 (unfavourable)	Expressed in all	Expressed in all		parathyroid gland: 81.7
ADRA1D	adrenoceptor alpha 1D	protein	ENSG00000171873	146	104219.0	NM_000678	P25100	uc002wkr.3	4220631	4249074.0	-1	GO:0005622	GO:0004871	GO:0003013	FDA approved drug targets, G-protein coupled receptors, Plasma proteins, Predicted membrane proteins			Mixed	Tissue enhanced	cervix, uterine: 4.3;prostate: 4.5	seminal vesicle: 2.6
AHCY	adenosylhomocysteinase	protein	ENSG00000101444	191	180960.0	NM_000687	P23526	uc002xai.4	34280268	34311802.0	-1	GO:0031410	GO:0003674	GO:0006520	Disease related genes, Enzymes, Plasma proteins, Potential drug targets, Predicted intracellular proteins	Cytosol		Expressed in all	Expressed in all		kidney: 159.4
ANGPT4	angiopoietin 4	protein	ENSG00000101280	51378	603705.0	NM_001322809	Q9Y264	uc002wei.4	869899	916317.0	-1	GO:0005615	GO:0030234	GO:0008283	Predicted secreted proteins, RAS pathway related proteins			Not detected	Tissue enhanced	cervix, uterine: 5.4	adipose tissue: 2.7
ANKRD60	ankyrin repeat domain 60	protein	ENSG00000124227	140731		NM_001304369	Q9BZ19	uc061xzo.1	58218495	58228653.0	-1				Predicted secreted proteins			Not detected	Tissue enriched	testis: 4.7	all non-specific tissues: 0.0
AP5S1	adaptor related protein complex 5 sigma 1 subunit	protein	ENSG00000125843	55317	614824.0	NM_001204446	Q9NUS5	uc002wju.3	3820524	3828837.0	1	GO:0005764	GO:0003674	GO:0006259	Predicted intracellular proteins, Predicted membrane proteins	Nucleoplasm<br>Cytosol	Renal cancer:5.53e-5 (favourable)	Expressed in all	Expressed in all		testis: 12.4
ARFGEF2	ADP ribosylation factor guanine nucleotide exchange factor 2	protein	ENSG00000124198	10564	605371.0	NM_006420	Q9Y6D5	uc002xtx.5	48921890	49036693.0	1	GO:0005768	GO:0008092	GO:0016192	Disease related genes, Predicted intracellular proteins	Golgi apparatus	Renal cancer:6.15e-7 (favourable)	Expressed in all	Expressed in all		parathyroid gland: 174.4
ARHGAP40	Rho GTPase activating protein 40	protein	ENSG00000124143	343578		NM_001164431	Q5TG30	uc061wyy.1	38601934	38651035.0	1	GO:0005829	GO:0030234	GO:0007165	Predicted intracellular proteins	Nucleoplasm<br>Plasma membrane<br>Centrosome<br>Cytosol	Renal cancer:2.89e-4 (unfavourable)	Mixed	Group enriched	breast: 38.1;epididymis: 43.7;esophagus: 12.6;seminal vesicle: 11.3;skin: 53.8	prostate: 4.4
ATRN	attractin	protein	ENSG00000088812	8455	603130.0	NM_001207047	O75882	uc002wim.3	3471040	3651122.0	1	GO:0005615	GO:0003674	GO:0043473	Plasma proteins, Predicted membrane proteins	Cytosol	Renal cancer:2.19e-6 (favourable)	Expressed in all	Expressed in all		parathyroid gland: 84.8
BCAS1	breast carcinoma amplified sequence 1	protein	ENSG00000064787	8537	602968.0	NM_001316361	O75363	uc002xws.3	53936777	54070594.0	-1	GO:0005737			Predicted intracellular proteins	Vesicles		Mixed	Tissue enhanced	cerebral cortex: 108.7;stomach: 155.8	rectum: 80.7
BCAS4	breast carcinoma amplified sequence 4	protein	ENSG00000124243	55653	607471.0	NM_001010974	Q8TDM0	uc002xvr.5	50794894	50882676.0	1	GO:0032991		GO:0006810	Disease related genes, Predicted intracellular proteins	Intermediate filaments<br>Cytosol	Endometrial cancer:4.87e-4 (unfavourable)	Expressed in all	Tissue enhanced	lymph node: 25.3	tonsil: 21.0
BCL2L1	BCL2 like 1	protein	ENSG00000171552	598	600039.0	NM_001191	Q07817	uc002wwl.4	31664452	31723989.0	-1	GO:0005815	GO:0019899	GO:0009790	Cancer-related genes, Predicted intracellular proteins, Predicted membrane proteins, RAS pathway related proteins, Transporters	Mitochondria	Renal cancer:8.89e-5 (favourable), Pancreatic cancer:5.87e-4 (unfavourable), Endometrial cancer:9.10e-4 (unfavourable), Melanoma:9.57e-4 (favourable)	Expressed in all	Expressed in all		gallbladder: 100.5
BMP2	bone morphogenetic protein 2	protein	ENSG00000125845	650	112261.0	NM_001200	P12643	uc002wmu.2	6767664	6780280.0	1	GO:0005615	GO:0016491	GO:0009790	Cancer-related genes, Predicted secreted proteins	Vesicles		Expressed in all	Mixed		thyroid gland: 31.2
BMP7	bone morphogenetic protein 7	protein	ENSG00000101144	655	112267.0	NM_001719	P18075	uc010gip.2	57168748	57266629.0	-1	GO:0005615	GO:0043167	GO:0008283	Predicted intracellular proteins, Predicted secreted proteins	Nucleus<br>Nucleoli<br>Vesicles	Endometrial cancer:2.91e-4 (unfavourable)	Mixed	Tissue enhanced	thyroid gland: 76.7	placenta: 36.8
BPI	bactericidal permeability increasing protein	protein	ENSG00000101425	671	109195.0	NM_001725	P17213	uc002xib.3	38260149	38337505.0	1	GO:0005576	GO:0008289	GO:0016192	Predicted intracellular proteins, Predicted membrane proteins, Predicted secreted proteins, Transporters			Not detected	Tissue enriched	bone marrow: 961.6	testis: 25.9
BPIFA2	BPI fold containing family A member 2	protein	ENSG00000131050	140683		NM_001319164	Q96DR5	uc061wfu.1	33161768	33181412.0	1	GO:0005576	GO:0008289	GO:0002376	Predicted secreted proteins			Tissue enhanced	Tissue enriched	salivary gland: 2662.8	epididymis: 5.1
C20orf27	chromosome 20 open reading frame 27	protein	ENSG00000101220	54976		NM_001039140	Q9GZN8	uc002wji.3	3753508	3768387.0	-1	GO:0005575	GO:0003674	GO:0008150	Predicted intracellular proteins	Nucleoplasm<br>Cytosol	Renal cancer:6.18e-6 (unfavourable), Liver cancer:1.69e-5 (unfavourable)	Expressed in all	Expressed in all		bone marrow: 56.5
C20orf96	chromosome 20 open reading frame 96	protein	ENSG00000196476	140680		NM_080571	Q9NUD7	uc002wde.3	270863	290778.0	-1				Predicted intracellular proteins	Nucleus<br>Golgi apparatus	Pancreatic cancer:4.12e-5 (favourable), Liver cancer:6.12e-5 (unfavourable), Urothelial cancer:1.05e-4 (favourable)	Expressed in all	Expressed in all		fallopian tube: 53.5
C20orf194	chromosome 20 open reading frame 194	protein	ENSG00000088854	25943	614146.0	NM_001009984	Q5TEA3	uc002wii.4	3249305	3407625.0	-1	GO:0005575	GO:0003674	GO:0008150	Predicted intracellular proteins	Nucleoli fibrillar center<br>Cytosol	Pancreatic cancer:1.68e-4 (favourable), Renal cancer:7.68e-4 (favourable)	Expressed in all	Expressed in all		cerebral cortex: 26.4
C20orf196	chromosome 20 open reading frame 196	protein	ENSG00000171984	149840		NM_001303477	Q8IYI0	uc002wmf.4	5750393	5863912.0	1				Predicted intracellular proteins	Endoplasmic reticulum<br>Golgi apparatus<br>Vesicles	Urothelial cancer:4.05e-5 (favourable)	Expressed in all	Mixed		lymph node: 18.6
C20orf203	chromosome 20 open reading frame 203	protein	ENSG00000198547	284805		NM_182584	Q8NBC4	uc002wxz.4	32631652	32673941.0	-1	GO:0005737									
CABLES2	Cdk5 and Abl enzyme substrate 2	protein	ENSG00000149679	81928		NM_031215	Q9BTV7	uc002ycv.3	62388632	62407285.0	-1			GO:0051301	Predicted intracellular proteins, Predicted membrane proteins	Nuclear bodies<br>Cell Junctions	Renal cancer:1.24e-6 (unfavourable), Endometrial cancer:5.26e-5 (unfavourable)	Expressed in all	Tissue enriched	testis: 58.3	cerebral cortex: 9.0
CD40	CD40 molecule	protein	ENSG00000101017	958	109535.0	NM_001250	P25942	uc002xrg.2	46118272	46129863.0	1	GO:0005737	GO:0004871	GO:0008283	Cancer-related genes, CD markers, Disease related genes, Predicted membrane proteins, Predicted secreted proteins		Renal cancer:4.48e-4 (unfavourable)	Expressed in all	Expressed in all		lymph node: 64.7
CDC25B	cell division cycle 25B	protein	ENSG00000101224	994	116949.0	NM_001287516	P30305	uc002wjn.5	3786772	3806121.0	1	GO:0005815	GO:0016791	GO:0000278	Cancer-related genes, Enzymes, Plasma proteins, Predicted intracellular proteins	Vesicles<br>Mitotic spindle	Renal cancer:2.94e-13 (unfavourable), Liver cancer:1.19e-4 (unfavourable), Endometrial cancer:4.76e-4 (unfavourable)	Expressed in all	Mixed		lymph node: 56.6
CDH4	cadherin 4	protein	ENSG00000179242	1002	603006.0	NM_001252338	P55283	uc032pok.1	61252426	61940617.0	1	GO:0005886	GO:0043167	GO:0034330	Predicted membrane proteins	Plasma membrane		Group enriched	Tissue enhanced	cerebral cortex: 6.0;spleen: 4.8	seminal vesicle: 1.3
CDK5RAP1	CDK5 regulatory subunit associated protein 1	protein	ENSG00000101391	51654	608200.0	NM_001278167	Q96SZ6	uc002wyz.5	33358839	33401561.0	-1	GO:0005739	GO:0019899	GO:0006399	Predicted intracellular proteins	Nuclear speckles<br>Mitochondria	Prostate cancer:8.07e-4 (unfavourable)	Expressed in all	Expressed in all		thyroid gland: 19.4
CDS2	CDP-diacylglycerol synthase 2	protein	ENSG00000101290	8760	603549.0	NM_003818	O95674	uc002wls.4	5126786	5197887.0	1	GO:0005575	GO:0016779	GO:0006629	Enzymes, Plasma proteins, Predicted membrane proteins	Endoplasmic reticulum<br>Cytosol	Renal cancer:3.53e-9 (favourable)	Expressed in all	Expressed in all		cerebral cortex: 48.9
CEP250	centrosomal protein 250	protein	ENSG00000126001	11190	609689.0	NM_001318219	Q9BV73	uc032pib.2	35455164	35519280.0	1	GO:0005929	GO:0019899	GO:0000278	Plasma proteins, Predicted intracellular proteins	Centrosome	Liver cancer:1.77e-7 (unfavourable), Renal cancer:1.97e-6 (unfavourable), Pancreatic cancer:9.27e-6 (favourable)	Expressed in all	Expressed in all		testis: 35.1
CFAP61	cilia and flagella associated protein 61	protein	ENSG00000089101	26074		NM_001167816	Q8NHU2		20052514	20360702.0	1	GO:0005929		GO:0008150	Predicted intracellular proteins, Predicted membrane proteins			Mixed	Group enriched	fallopian tube: 20.3;heart muscle: 8.5;testis: 29.5	skeletal muscle: 3.3
CHD6	chromodomain helicase DNA binding protein 6	protein	ENSG00000124177	84181	616114.0	NM_032221	Q8TD26	uc002xka.3	41402101	41618494.0	-1	GO:0005654	GO:0004386	GO:0044403	Disease related genes, Enzymes, Plasma proteins, Potential drug targets, Predicted intracellular proteins	Nucleus	Lung cancer:3.42e-4 (favourable)	Expressed in all	Expressed in all		parathyroid gland: 31.5
CHGB	chromogranin B	protein	ENSG00000089199	1114	118920.0	NM_001819	P05060	uc002wmg.4	5911430	5925361.0	1	GO:0031410	GO:0003674	GO:0006464	Plasma proteins, Predicted intracellular proteins, Predicted secreted proteins	Vesicles	Head and neck cancer:1.89e-4 (unfavourable), Pancreatic cancer:9.96e-4 (favourable)	Tissue enriched	Tissue enriched	adrenal gland: 4382.4	cerebral cortex: 168.3
CHRNA4	cholinergic receptor nicotinic alpha 4 subunit	protein	ENSG00000101204	1137	118504.0	NM_000744	P43681	uc002yes.4	63343223	63378401.0	-1	GO:0005886	GO:0022857	GO:0007267	Disease related genes, FDA approved drug targets, Predicted membrane proteins, Transporters			Tissue enhanced	Tissue enhanced	cerebral cortex: 6.9;parathyroid gland: 17.4	liver: 3.9
CNBD2	cyclic nucleotide binding domain containing 2	protein	ENSG00000149646	140894		NM_001207076	Q96M20	uc002xer.1	35954564	36030700.0	1	GO:0005829	GO:0043167	GO:0008150	Predicted intracellular proteins			Not detected	Tissue enhanced	testis: 38.0	epididymis: 15.3
COMMD7	COMM domain containing 7	protein	ENSG00000149600	149951	616703.0	NM_001099339	Q86VX2	uc002wya.5	32702691	32743997.0	-1	GO:0031410	GO:0008134	GO:0009058	Predicted intracellular proteins	Vesicles	Liver cancer:1.46e-4 (unfavourable), Urothelial cancer:3.53e-4 (favourable)	Expressed in all	Expressed in all		thyroid gland: 80.3
CRLS1	cardiolipin synthase 1	protein	ENSG00000088766	54675	608188.0	NM_001127458	Q9UJA2	uc002wmn.5	6006090	6040053.0	1	GO:0005739	GO:0016746	GO:0006629	Enzymes, Predicted membrane proteins		Urothelial cancer:8.02e-4 (favourable)	Expressed in all	Expressed in all		liver: 87.0
CSE1L	chromosome segregation 1 like	protein	ENSG00000124207	1434	601342.0	NM_001256135	P55060	uc002xty.5	49046246	49096960.0	1	GO:0005635	GO:0019899	GO:0006913	Cancer-related genes, Plasma proteins, Predicted intracellular proteins, Transporters	Nucleoplasm<br>Cytosol	Liver cancer:2.42e-8 (unfavourable), Endometrial cancer:2.91e-5 (unfavourable), Renal cancer:1.89e-4 (unfavourable), Urothelial cancer:6.91e-4 (unfavourable)	Expressed in all	Expressed in all		testis: 159.7
CSNK2A1	casein kinase 2 alpha 1	protein	ENSG00000101266	1457	115440.0	NM_001895	P68400	uc002wdx.2	473591	543821.0	-1	GO:0005654	GO:0016301	GO:0006914	Disease related genes, Enzymes, Potential drug targets, Predicted intracellular proteins	Nucleoplasm	Liver cancer:4.11e-6 (unfavourable)	Expressed in all	Expressed in all		testis: 129.5
CST1	cystatin SN	protein	ENSG00000170373	1469	123855.0	NM_001898	P01037	uc061vvz.1	23747553	23751268.0	-1	GO:0005615	GO:0030234	GO:0008150	Plasma proteins, Predicted secreted proteins		Breast cancer:4.00e-4 (favourable)	Mixed	Tissue enriched	salivary gland: 9590.6	gallbladder: 352.0
CST3	cystatin C	protein	ENSG00000101439	1471	604312.0	NM_000099	P01034	uc002wtm.5	23626706	23638473.0	-1	GO:0005764	GO:0030234	GO:0008219	Cancer-related genes, Disease related genes, Plasma proteins, Predicted secreted proteins	Golgi apparatus<br>Vesicles	Endometrial cancer:1.83e-4 (favourable), Urothelial cancer:8.77e-4 (favourable)	Expressed in all	Expressed in all		cerebral cortex: 1265.8
CTNNBL1	catenin beta like 1	protein	ENSG00000132792	56259	611537.0	NM_001281495	Q8WYA6	uc061wwh.1	37693955	37872129.0	1	GO:0005654	GO:0019899	GO:0006397	Cancer-related genes, Predicted intracellular proteins	Nucleoplasm		Expressed in all	Expressed in all		testis: 75.3
DDX27	DEAD-box helicase 27	protein	ENSG00000124228	55661	616621.0	NM_017895	Q96GQ7	uc002xuh.4	49219295	49244077.0	1	GO:0005694	GO:0004386	GO:0034641	Enzymes, Predicted intracellular proteins	Nucleoli	Liver cancer:6.70e-7 (unfavourable), Endometrial cancer:1.44e-5 (unfavourable), Renal cancer:1.73e-4 (unfavourable)	Expressed in all	Expressed in all		testis: 46.2
DEFB126	defensin beta 126	protein	ENSG00000125788	81623		NM_030931	Q9BYW3	uc002wcx.5	142369	145751.0	1	GO:0005576		GO:0002376	Disease related genes, Predicted secreted proteins			Tissue enhanced	Tissue enriched	epididymis: 663.6	seminal vesicle: 2.8
DEFB127	defensin beta 127	protein	ENSG00000088782	140850		NM_139074	Q9H1M4	uc002wcy.2	157470	159163.0	1	GO:0005576	GO:0003674	GO:0002376	Predicted secreted proteins			Not detected	Tissue enriched	epididymis: 1399.7	seminal vesicle: 1.3
DEFB128	defensin beta 128	protein	ENSG00000185982	245939		NM_001037732	Q7Z7B8	uc002wcz.2	187853	189681.0	-1	GO:0005576		GO:0002376	Predicted secreted proteins			Not detected	Tissue enriched	epididymis: 1713.4	all non-specific tissues: 0.0
DEFB129	defensin beta 129	protein	ENSG00000125903	140881		NM_080831	Q9H1M3	uc002wda.3	227258	229886.0	1	GO:0005576		GO:0002376	Predicted secreted proteins			Not detected	Tissue enriched	epididymis: 2368.3	seminal vesicle: 4.7
DEFB132	defensin beta 132	protein	ENSG00000186458	400830		NM_207469	Q7Z7B7	uc002wdb.4	257736	261096.0	1	GO:0005615		GO:0002376	Predicted secreted proteins			Tissue enhanced	Tissue enriched	epididymis: 332.3	seminal vesicle: 29.0
DNMT3B	DNA methyltransferase 3 beta	protein	ENSG00000088305	1789	602900.0	NM_001207055	Q9UBC3	uc002wyc.3	32762385	32809356.0	1	GO:0005654	GO:0008168	GO:0006259	Disease related genes, Enzymes, Potential drug targets, Predicted intracellular proteins, Transcription factors	Nucleoplasm<br>Vesicles	Renal cancer:1.87e-7 (unfavourable), Endometrial cancer:5.04e-4 (unfavourable)	Tissue enriched	Tissue enhanced	testis: 9.2	skin: 4.5
DTD1	D-tyrosyl-tRNA deacylase 1	protein	ENSG00000125821	92675	610996.0	NM_001318043	Q8TEA8	uc002wrf.5	18567453	18763917.0	1	GO:0005730	GO:0003723	GO:0006399	Predicted intracellular proteins	Nucleoli<br>Cytosol		Expressed in all	Expressed in all		cerebral cortex: 55.8
E2F1	E2F transcription factor 1	protein	ENSG00000101412	1869	189971.0	NM_005225	Q01094	uc002wzu.5	33675683	33686404.0	-1	GO:0005815	GO:0008134	GO:0007005	Cancer-related genes, Plasma proteins, Predicted intracellular proteins, Transcription factors	Nucleoplasm<br>Centrosome	Cervical cancer:9.22e-6 (favourable), Liver cancer:3.83e-5 (unfavourable), Endometrial cancer:4.33e-5 (unfavourable), Renal cancer:8.99e-5 (unfavourable), Thyroid cancer:1.62e-4 (favourable), Pancreatic cancer:4.18e-4 (unfavourable)	Expressed in all	Tissue enhanced	bone marrow: 22.9	testis: 12.7
EFCAB8	EF-hand calcium binding domain 8	protein	ENSG00000215529	388795		XM_011529121	A8MWE9	uc061wfj.1	32858923	32961609.0	1		GO:0043167		Predicted intracellular proteins			Not detected	Tissue enriched	testis: 2.8	appendix,small intestine,thyroid gland: 0.4
EPB41L1	erythrocyte membrane protein band 4.1 like 1	protein	ENSG00000088367	2036	602879.0	NM_001258329	Q9H4G0	uc002xfb.4	36091504	36232799.0	1	GO:0005856	GO:0005198	GO:0007010	Disease related genes, Predicted intracellular proteins	Plasma membrane	Renal cancer:4.39e-10 (favourable), Endometrial cancer:6.46e-5 (unfavourable), Pancreatic cancer:9.30e-4 (unfavourable)	Expressed in all	Mixed		adrenal gland: 162.4
ESF1	ESF1 nucleolar pre-rRNA processing protein homolog	protein	ENSG00000089048	51575		NM_001276380	Q9H501	uc002woj.3	13714322	13784886.0	-1	GO:0005730	GO:0003723	GO:0009058	Predicted intracellular proteins	Nucleus<br>Nucleoli	Liver cancer:7.81e-9 (unfavourable)	Expressed in all	Expressed in all		testis: 25.9
EYA2	EYA transcriptional coactivator and phosphatase 2	protein	ENSG00000064655	2139	601654.0	NM_005244	O00167	uc002xsm.3	46894624	47188844.0	1	GO:0005739	GO:0016791	GO:0007005	Enzymes, Plasma proteins, Predicted intracellular proteins	Cytosol	Endometrial cancer:4.30e-5 (favourable)	Tissue enhanced	Tissue enhanced	cervix, uterine: 76.3	fallopian tube: 50.0
FAM110A	family with sequence similarity 110 member A	protein	ENSG00000125898	83541	611393.0	NM_001042353	Q9BQ89	uc002wef.3	833715	857463.0	1	GO:0005815	GO:0003674		Predicted intracellular proteins	Nucleus<br>Vesicles<br>Cytosol	Renal cancer:4.42e-4 (unfavourable)	Expressed in all	Tissue enhanced	skin: 31.3	spleen: 21.3
FAM209B	family with sequence similarity 209 member B	protein	ENSG00000213714	388799		NM_001013646	Q5JX69	uc002xxz.5	56533246	56536520.0	1	GO:0005634			Predicted membrane proteins			Mixed	Tissue enriched	testis: 112.5	bone marrow: 5.0
FERMT1	fermitin family member 1	protein	ENSG00000101311	55612	607900.0	NM_017671	Q9BQL6	uc002wmr.3	6074845	6123544.0	-1	GO:0032991		GO:0030198	Disease related genes, Predicted intracellular proteins		Pancreatic cancer:6.60e-4 (unfavourable)	Expressed in all	Mixed		rectum: 30.8
FKBP1A	FK506 binding protein 1A	protein	ENSG00000088832	2280	186945.0	NM_000801	P62942	uc002wey.4	1368978	1393172.0	-1	GO:0005783	GO:0016853	GO:0051604	Enzymes, FDA approved drug targets, Plasma proteins, Predicted intracellular proteins, Predicted membrane proteins		Liver cancer:3.44e-7 (unfavourable), Renal cancer:6.69e-5 (unfavourable)	Expressed in all	Expressed in all		thyroid gland: 369.7
GDF5	growth differentiation factor 5	protein	ENSG00000125965	8200	601146.0	NM_000557	P43026	uc032phz.2	35433347	35454746.0	-1	GO:0005615	GO:0003674	GO:0006913	Disease related genes, Plasma proteins, Predicted secreted proteins			Tissue enriched	Tissue enhanced	salivary gland: 4.1	seminal vesicle: 1.7
GGT7	gamma-glutamyltransferase 7	protein	ENSG00000131067	2686	612342.0	NM_178026	Q9UJ14	uc002xay.4	34844720	34872860.0	-1	GO:0005575	GO:0016746	GO:0006790	Enzymes, Predicted intracellular proteins, Predicted membrane proteins	Nucleus<br>Vesicles	Endometrial cancer:1.26e-5 (unfavourable)	Expressed in all	Expressed in all		cerebral cortex,parathyroid gland: 50.0
GNAS	GNAS complex locus	protein	ENSG00000087460	2778	139320.0	NM_000516	O95467, P63092, P84996, Q5JWF2	uc061ybx.1	58839718	58911192.0	1	GO:0032991	GO:0003924	GO:0040007	Cancer-related genes, Disease related genes, Predicted intracellular proteins, Predicted secreted proteins	Nucleoplasm<br>Plasma membrane<br>Cytosol	Renal cancer:3.49e-4 (unfavourable), Ovarian cancer:8.76e-4 (favourable)	Expressed in all	Expressed in all		thyroid gland: 1473.9
GPCPD1	glycerophosphocholine phosphodiesterase 1	protein	ENSG00000125772	56261	614124.0	NM_019593	Q9NPB8	uc002wme.6	5544404	5611026.0	-1	GO:0005829	GO:0003674	GO:0006629	Enzymes, Predicted intracellular proteins	Nucleoplasm	Endometrial cancer:1.30e-4 (favourable), Renal cancer:3.73e-4 (unfavourable)	Expressed in all	Expressed in all		bone marrow: 46.5
HNF4A	hepatocyte nuclear factor 4 alpha	protein	ENSG00000101076	3172	600281.0	NM_000457	P41235	uc002xlt.4	44355700	44434596.0	1	GO:0005654	GO:0008134	GO:0006520	Disease related genes, Nuclear receptors, Predicted intracellular proteins, Transcription factors	Nucleoplasm		Tissue enhanced	Group enriched	colon: 58.0;duodenum: 103.0;kidney: 44.7;liver: 51.0;rectum: 47.8;small intestine: 90.9;stomach: 21.9	gallbladder: 9.2
ISM1	isthmin 1	protein	ENSG00000101230	140862	615793.0	NM_080826	B1AKI9	uc010gce.2	13221771	13300651.0	1	GO:0005576			Predicted secreted proteins		Renal cancer:9.32e-6 (unfavourable)	Expressed in all	Tissue enhanced	thyroid gland: 74.7	placenta: 24.8
ITPA	inosine triphosphatase	protein	ENSG00000125877	3704	147520.0	NM_001267623	Q9BY32	uc002wid.4	3208868	3223870.0	1	GO:0005737	GO:0043167	GO:0034655	Disease related genes, Enzymes, Potential drug targets, Predicted intracellular proteins	Cytosol	Liver cancer:2.54e-5 (unfavourable)	Expressed in all	Expressed in all		fallopian tube: 40.3
KCNB1	potassium voltage-gated channel subfamily B member 1	protein	ENSG00000158445	3745	600397.0	NM_004975	Q14721	uc002xur.3	49293394	49484297.0	-1	GO:0005886	GO:0022857	GO:0055085	Disease related genes, FDA approved drug targets, Predicted intracellular proteins, Predicted membrane proteins, Transporters, Voltage-gated ion channels			Mixed	Tissue enhanced	adipose tissue: 10.9;cerebral cortex: 21.6	fallopian tube,smooth muscle: 7.4
KCNS1	potassium voltage-gated channel modifier subfamily S member 1	protein	ENSG00000124134	3787	602905.0	NM_001322799	Q96KK3	uc002xnc.4	45092310	45101112.0	-1	GO:0005886	GO:0022857	GO:0055085	Predicted membrane proteins, Transporters, Voltage-gated ion channels		Ovarian cancer:6.45e-4 (unfavourable)	Tissue enhanced	Tissue enhanced	cerebral cortex: 9.3;gallbladder: 3.8;seminal vesicle: 4.2	testis: 1.7
KIAA1755	KIAA1755	protein	ENSG00000149633	85449		NM_001029864	Q5JYT7	uc002xhy.2	38210488	38260772.0	-1				Predicted intracellular proteins	Nucleoli<br>Golgi apparatus<br>Vesicles		Tissue enhanced	Mixed		cerebral cortex: 33.6
KIF16B	kinesin family member 16B	protein	ENSG00000089177	55614		NM_001199865	Q96L93	uc002wpg.3	16272104	16573434.0	-1	GO:0005768	GO:0016887	GO:0048646	Predicted intracellular proteins	Mitochondria	Renal cancer:7.61e-6 (favourable)	Expressed in all	Expressed in all		parathyroid gland: 42.9
KIZ	kizuna centrosomal protein	protein	ENSG00000088970	55857	615757.0	NM_001163022	Q2M2Z5		21125983	21246622.0	1	GO:0005815	GO:0019899	GO:0007010	Disease related genes, Predicted intracellular proteins		Renal cancer:4.11e-8 (unfavourable), Endometrial cancer:4.45e-4 (favourable)	Expressed in all	Expressed in all		testis: 82.2
LAMA5	laminin subunit alpha 5	protein	ENSG00000130702	3911	601033.0	NM_005560	O15230	uc002ycq.5	62307955	62367312.0	-1	GO:0005615	GO:0003674	GO:0000902	Plasma proteins, Predicted intracellular proteins, Predicted secreted proteins	Nucleoplasm<br>Vesicles		Expressed in all	Tissue enhanced	skin: 42.1	placenta: 28.9
LZTS3	leucine zipper tumor suppressor family member 3	protein	ENSG00000088899	9762	610484.0	NM_001282533	O60299		3162617	3173592.0	-1	GO:0005856		GO:0008150	Predicted intracellular proteins	Vesicles	Renal cancer:5.92e-8 (favourable), Endometrial cancer:7.26e-4 (unfavourable), Lung cancer:7.98e-4 (favourable)	Expressed in all	Tissue enhanced	cerebral cortex: 58.6	parathyroid gland: 20.3
MACROD2	MACRO domain containing 2	protein	ENSG00000172264	140733	611567.0	NM_001033087	A1Z1Q3	uc002wot.4	13995369	16053197.0	1	GO:0005815	GO:0016798	GO:0044281	Predicted intracellular proteins	Nucleus<br>Nucleoli<br>Centrosome		Mixed	Mixed		lung: 16.2
MAPRE1	microtubule associated protein RP/EB family member 1	protein	ENSG00000101367	22919	603108.0	NM_012325	Q15691	uc002wyh.3	32819893	32850405.0	1	GO:0005815	GO:0008092	GO:0051301	Plasma proteins, Predicted intracellular proteins	Microtubule organizing center<br>Cytosol	Liver cancer:6.33e-4 (unfavourable)	Expressed in all	Expressed in all		smooth muscle: 128.4
MAVS	mitochondrial antiviral signaling protein	protein	ENSG00000088888	57506	609676.0	NM_001206491	Q7Z434	uc002wjw.5	3846799	3876123.0	1	GO:0005739	GO:0004871	GO:0044403	Predicted membrane proteins	Mitochondria	Renal cancer:4.13e-5 (favourable), Pancreatic cancer:3.81e-4 (favourable)	Expressed in all	Expressed in all		parathyroid gland: 30.6
MCM8	minichromosome maintenance 8 homologous recombination repair factor	protein	ENSG00000125885	84515	608187.0	NM_001281520	Q9UJA3	uc002wmk.4	5950652	5998977.0	1	GO:0005654	GO:0004386	GO:0006259	Disease related genes, Enzymes, Plasma proteins, Potential drug targets, Predicted intracellular proteins	Nucleoplasm	Liver cancer:9.30e-8 (unfavourable), Pancreatic cancer:7.50e-4 (unfavourable)	Expressed in all	Tissue enhanced	testis: 27.6	lymph node: 10.2
MMP24	matrix metallopeptidase 24	protein	ENSG00000125966	10893	604871.0	NM_006690	Q9Y5R2	uc002xbu.3	35226654	35277000.0	1	GO:0005578	GO:0008233	GO:0007155	Enzymes, FDA approved drug targets, Predicted membrane proteins	Nucleoli<br>Plasma membrane	Renal cancer:8.17e-11 (favourable)	Mixed	Tissue enhanced	cerebral cortex: 10.6	lung: 7.0
MMP24OS	MMP24 opposite strand	protein	ENSG00000126005	101410538		NR_102705		uc031rsv.3	35201745	35278131.0	-1										
MRGBP	MRG domain binding protein	protein	ENSG00000101189	55257	611157.0	NM_018270	Q9NV56	uc002ydi.4	62796453	62801738.0	1	GO:0005654	GO:0003674	GO:0006464	Plasma proteins, Predicted intracellular proteins	Nucleus	Renal cancer:2.48e-6 (unfavourable), Liver cancer:3.80e-6 (unfavourable), Endometrial cancer:2.33e-4 (unfavourable)	Expressed in all	Tissue enriched	testis: 64.3	ovary: 10.6
MYBL2	MYB proto-oncogene like 2	protein	ENSG00000101057	4605	601415.0	NM_001278610	P10244	uc002xlb.3	43667019	43716496.0	1	GO:0005654	GO:0000988	GO:0007010	Cancer-related genes, Predicted intracellular proteins, Transcription factors	Nucleoplasm<br>Cytosol	Renal cancer:0.00e+0 (unfavourable), Liver cancer:2.11e-7 (unfavourable), Endometrial cancer:9.73e-4 (unfavourable)	Tissue enriched	Tissue enhanced	bone marrow: 57.0;lymph node: 67.3;tonsil: 49.9	appendix: 32.7
MYH7B	myosin heavy chain 7B	protein	ENSG00000078814	57644	609928.0	NM_020884	A7E2Y1	uc061wko.1	34975403	35002437.0	1	GO:0032991	GO:0008092	GO:0008150	Predicted intracellular proteins		Urothelial cancer:8.44e-5 (favourable)	Mixed	Group enriched	heart muscle: 46.9;skeletal muscle: 55.9;testis: 11.7	cerebral cortex,prostate: 3.3
MYT1	myelin transcription factor 1	protein	ENSG00000196132	4661	600379.0	NM_004535	Q01538	uc002yii.3	64151791	64242253.0	1	GO:0005654	GO:0003700	GO:0030154	Plasma proteins, Predicted intracellular proteins, Transcription factors	Nucleoplasm<br>Cytosol		Tissue enhanced	Group enriched	adrenal gland: 2.5;cerebral cortex: 5.7	testis: 0.6
NAPB	NSF attachment protein beta	protein	ENSG00000125814	63908	611270.0	NM_001283018	Q9H115	uc002wta.4	23374519	23421519.0	-1	GO:0032991	GO:0003674	GO:0061024	Predicted intracellular proteins	Cytosol	Renal cancer:1.14e-4 (unfavourable)	Expressed in all	Tissue enriched	cerebral cortex: 303.2	adrenal gland: 32.1
NCOA3	nuclear receptor coactivator 3	protein	ENSG00000124151	8202	601937.0	NM_001174087	Q9Y6Q9	uc002xtk.4	47501902	47656877.0	1	GO:0005654	GO:0016746	GO:0006464	Cancer-related genes, Enzymes, Plasma proteins, Predicted intracellular proteins, Transcription factors	Nucleoplasm<br>Cytosol	Liver cancer:8.09e-4 (unfavourable)	Expressed in all	Expressed in all		lymph node: 44.8
NCOA6	nuclear receptor coactivator 6	protein	ENSG00000198646	23054	605299.0	NM_001242539	Q14686	uc002xaw.4	34689097	34825649.0	-1	GO:0005654	GO:0008134	GO:0006259	Predicted intracellular proteins	Nucleoplasm	Renal cancer:8.78e-5 (favourable), Liver cancer:4.65e-4 (unfavourable)	Expressed in all	Expressed in all		parathyroid gland: 42.6
NFATC2	nuclear factor of activated T cells 2	protein	ENSG00000101096	4773	600490.0	NM_001136021	Q13469	uc002xwd.4	51386957	51562831.0	-1	GO:0005654	GO:0008134	GO:0048870	Cancer-related genes, Predicted intracellular proteins, Transcription factors	Nucleoplasm<br>Cytosol	Renal cancer:1.57e-4 (unfavourable)	Expressed in all	Expressed in all		gallbladder: 26.8
NFS1	NFS1, cysteine desulfurase	protein	ENSG00000244005	9054	603485.0	NM_001198989	Q9Y697	uc002xdw.3	35668055	35699359.0	-1	GO:0005739	GO:0043167	GO:0006520	Enzymes, Predicted intracellular proteins	Nucleoplasm<br>Cytosol	Renal cancer:4.72e-6 (favourable)	Expressed in all	Expressed in all		kidney: 43.7
NOL4L	nucleolar protein 4 like	protein	ENSG00000197183	140688		NM_001256798	Q96MY1		32443059	32585074.0	-1	GO:0005654	GO:0003674		Predicted intracellular proteins	Nucleoplasm	Endometrial cancer:1.01e-4 (unfavourable), Urothelial cancer:2.63e-4 (favourable)	Expressed in all	Tissue enhanced	testis: 60.2	small intestine: 21.8
NPBWR2	neuropeptides B and W receptor 2	protein	ENSG00000125522	2832	600731.0	NM_005286	P48146	uc011abt.3	64105820	64107171.0	-1	GO:0005886	GO:0004871	GO:0007267	G-protein coupled receptors, Predicted membrane proteins, Transporters			Not detected	Not detected		adrenal gland,cerebral cortex: 0.1
NRSN2	neurensin 2	protein	ENSG00000125841	80023	610666.0	NM_001323679	Q9GZP1	uc002wdi.5	346782	359660.0	1	GO:0031410	GO:0003674	GO:0008150	Predicted intracellular proteins, Predicted membrane proteins, Transporters	Nucleoplasm<br>Vesicles<br>Cytosol	Pancreatic cancer:1.61e-4 (favourable)	Expressed in all	Tissue enhanced	cerebral cortex: 126.1	parathyroid gland: 69.0
NSFL1C	NSFL1 cofactor	protein	ENSG00000088833	55968	606610.0	NM_001206736	Q9UNZ2	uc002wfc.3	1442162	1473842.0	-1	GO:0005694	GO:0032182	GO:0061024	Plasma proteins, Predicted intracellular proteins	Nucleoplasm<br>Plasma membrane<br>Cytosol	Liver cancer:1.29e-4 (unfavourable)	Expressed in all	Expressed in all		fallopian tube: 35.4
PAK5	p21 (RAC1) activated kinase 5	protein	ENSG00000101349	57144	608038.0	NM_020341	Q9P286	uc002wnl.3	9537389	9839041.0	-1	GO:0005739	GO:0016301	GO:0040007	Enzymes, Plasma proteins, Predicted intracellular proteins, RAS pathway related proteins	Nucleoplasm		Mixed	Tissue enriched	cerebral cortex: 13.4	adrenal gland: 2.6
PANK2	pantothenate kinase 2	protein	ENSG00000125779	80025	606157.0	NM_001324191	Q9BZ23	uc002wkc.3	3888839	3929882.0	1	GO:0005739	GO:0016301	GO:0007005	Disease related genes, Enzymes, Plasma proteins, Potential drug targets, Predicted intracellular proteins	Cytosol	Liver cancer:1.20e-5 (unfavourable)	Expressed in all	Expressed in all		testis: 51.9
PCSK2	proprotein convertase subtilisin/kexin type 2	protein	ENSG00000125851	5126	162151.0	NM_001201528	P16519	uc002wpm.4	17226107	17484578.0	1	GO:0031410	GO:0008233	GO:0051604	Enzymes, Predicted intracellular proteins, Predicted secreted proteins	Vesicles		Group enriched	Tissue enhanced	adrenal gland: 37.5;cerebral cortex: 31.7	skin: 16.5
PDYN	prodynorphin	protein	ENSG00000101327	5173	131340.0	NM_001190892	P01213	uc021vzu.2	1978757	1994285.0	-1	GO:0005576	GO:0003674	GO:0007267	Disease related genes, Potential drug targets, Predicted secreted proteins, Transporters			Group enriched	Tissue enriched	cerebral cortex: 63.3	testis: 5.5
PFDN4	prefoldin subunit 4	protein	ENSG00000101132	5203	604898.0	NM_002623	Q9NQP4	uc002xwx.4	54207847	54228052.0	1	GO:0005739	GO:0051082	GO:0006457	Plasma proteins, Predicted intracellular proteins		Renal cancer:1.47e-10 (unfavourable), Liver cancer:7.66e-5 (unfavourable), Head and neck cancer:9.40e-4 (unfavourable)	Expressed in all	Mixed		cerebral cortex: 11.3
PHACTR3	phosphatase and actin regulator 3	protein	ENSG00000087495	116154	608725.0	NM_001199505	Q96KR7	uc002yau.5	59577509	59847711.0	1	GO:0005654	GO:0008092	GO:0008150	Predicted intracellular proteins	Nucleoplasm		Group enriched	Tissue enriched	cerebral cortex: 64.8	spleen: 7.4
PHF20	PHD finger protein 20	protein	ENSG00000025293	51230	610335.0	NM_016436	Q9BVI0	uc002xek.2	35771974	35950381.0	1	GO:0005654	GO:0016746	GO:0006464	Cancer-related genes, Plasma proteins, Predicted intracellular proteins	Nucleoplasm<br>Nuclear membrane<br>Cytosol	Liver cancer:2.49e-4 (unfavourable)	Expressed in all	Expressed in all		cerebral cortex: 22.4
PLCB1	phospholipase C beta 1	protein	ENSG00000182621	23236	607120.0	NM_015192	Q9NQ66	uc002wnb.5	8077251	8968360.0	1	GO:0005737	GO:0008289	GO:0050877	Disease related genes, Enzymes, Plasma proteins, Potential drug targets, Predicted intracellular proteins	Plasma membrane		Mixed	Tissue enhanced	cerebral cortex: 68.3;parathyroid gland: 121.3	placenta: 28.2
PLCG1	phospholipase C gamma 1	protein	ENSG00000124181	5335	172420.0	NM_002660	P19174	uc002xjo.2	41136960	41196801.0	1	GO:0005737	GO:0004871	GO:0009790	Cancer-related genes, Enzymes, Plasma proteins, Predicted intracellular proteins, RAS pathway related proteins	Cytosol	Pancreatic cancer:4.72e-4 (favourable)	Expressed in all	Expressed in all		endometrium: 47.6
PMEPA1	prostate transmembrane protein, androgen induced 1	protein	ENSG00000124225	56937	606564.0	NM_001255976	Q969W9	uc002xyt.5	57648392	57711536.0	-1	GO:0005886	GO:0003674	GO:0007165	Cancer-related genes, Predicted intracellular proteins, Predicted membrane proteins, Predicted secreted proteins	Vesicles	Renal cancer:2.87e-7 (unfavourable), Lung cancer:4.73e-5 (unfavourable), Cervical cancer:2.45e-4 (unfavourable), Urothelial cancer:7.60e-4 (unfavourable)	Expressed in all	Tissue enhanced	cervix, uterine: 146.1;prostate: 179.6	endometrium: 60.3
POFUT1	protein O-fucosyltransferase 1	protein	ENSG00000101346	23509	607491.0	NM_015352	Q9H488	uc002wxp.4	32207880	32238667.0	1	GO:0005783	GO:0016757	GO:0005975	Disease related genes, Enzymes, Potential drug targets, Predicted secreted proteins	Centrosome		Expressed in all	Expressed in all		parathyroid gland: 35.7
PPP1R16B	protein phosphatase 1 regulatory subunit 16B	protein	ENSG00000101445	26051	613275.0	NM_001172735	Q96T49	uc002xje.3	38805705	38923024.0	1	GO:0005886	GO:0030234	GO:0048856	Predicted intracellular proteins	Nuclear speckles<br>Plasma membrane	Head and neck cancer:7.87e-5 (favourable), Cervical cancer:2.11e-4 (favourable)	Expressed in all	Tissue enhanced	cerebral cortex: 50.9	lymph node: 44.2
PREX1	phosphatidylinositol-3,4,5-trisphosphate dependent Rac exchange factor 1	protein	ENSG00000124126	57580	606905.0	NM_020820	Q8TCU6	uc002xtw.2	48624252	48827883.0	-1	GO:0005886	GO:0008289	GO:0048870	Predicted intracellular proteins	Vesicles<br>Cytosol	Head and neck cancer:8.56e-4 (favourable)	Expressed in all	Expressed in all		spleen: 60.8
PRNP	prion protein	protein	ENSG00000171867	5621	176640.0	NM_000311	F7VJQ1, P04156	uc021wae.3	4686236	4701590.0	1	GO:0005794	GO:0008092	GO:0050877	CD markers, Disease related genes, Plasma proteins, Potential drug targets, Predicted membrane proteins, Predicted secreted proteins, Transporters	Nuclear membrane<br>Vesicles<br>Cytosol	Liver cancer:7.41e-5 (unfavourable), Glioma:1.99e-4 (unfavourable), Colorectal cancer:2.96e-4 (unfavourable), Endometrial cancer:4.64e-4 (unfavourable)	Expressed in all	Expressed in all		cerebral cortex: 619.4
PROCR	protein C receptor	protein	ENSG00000101000	10544	600646.0	NM_006404	Q9UNN8	uc284prb.1	35172073	35216240.0	1	GO:0005815	GO:0003674	GO:0048870	Candidate cardiovascular disease genes, CD markers, Plasma proteins, Predicted intracellular proteins, Predicted membrane proteins		Renal cancer:7.62e-6 (unfavourable)	Expressed in all	Expressed in all		adipose tissue: 63.0
PRPF6	pre-mRNA processing factor 6	protein	ENSG00000101161	24148	613979.0	NM_012469	O94906	uc002yho.4	63981135	64033100.0	1	GO:0005654	GO:0008134	GO:0022618	Disease related genes, Plasma proteins, Predicted intracellular proteins	Nuclear speckles		Expressed in all	Expressed in all		fallopian tube: 80.3
PSMF1	proteasome inhibitor subunit 1	protein	ENSG00000125818	9491	617858.0	NM_001323407	Q92530	uc002wel.4	1113263	1189415.0	1	GO:0005783	GO:0030234	GO:0055085	Predicted intracellular proteins	Cytosol		Expressed in all	Expressed in all		testis: 136.0
PTGIS	prostaglandin I2 synthase	protein	ENSG00000124212	5740	601699.0	NM_000961	Q16647	uc002xut.4	49503874	49568146.0	-1	GO:0005783	GO:0016853	GO:0051186	Disease related genes, Enzymes, FDA approved drug targets, Plasma proteins, Predicted membrane proteins	Endoplasmic reticulum	Renal cancer:4.74e-8 (unfavourable), Urothelial cancer:9.99e-5 (unfavourable)	Expressed in all	Mixed		fallopian tube: 78.2
PTK6	protein tyrosine kinase 6	protein	ENSG00000101213	5753	602004.0	NM_001256358	Q13882	uc002yfg.5	63528001	63537370.0	-1	GO:0005654	GO:0016301	GO:0048870	Cancer-related genes, Enzymes, Predicted intracellular proteins	Nucleoplasm<br>Nuclear bodies<br>Plasma membrane<br>Cytosol	Renal cancer:1.26e-9 (unfavourable), Pancreatic cancer:1.96e-4 (unfavourable)	Mixed	Tissue enhanced	esophagus: 61.0;skin: 60.4	duodenum: 29.2
PTPN1	protein tyrosine phosphatase, non-receptor type 1	protein	ENSG00000196396	5770	176885.0	NM_001278618	P18031	uc002xvl.5	50510321	50585241.0	1	GO:0005768	GO:0016791	GO:0007010	Enzymes, Predicted membrane proteins	Endoplasmic reticulum		Expressed in all	Expressed in all		parathyroid gland: 62.6
PTPRT	protein tyrosine phosphatase, receptor type T	protein	ENSG00000196090	11122	608712.0	NM_007050	O14522	uc061xcb.1	42072752	43189970.0	-1	GO:0005886	GO:0016791	GO:0007155	Cancer-related genes, Enzymes, Predicted intracellular proteins, Predicted membrane proteins			Tissue enhanced	Group enriched	cerebral cortex: 24.3;fallopian tube: 17.4	placenta: 4.0
PXMP4	peroxisomal membrane protein 4	protein	ENSG00000101417	11264	616397.0	NM_007238	Q9Y6I8	uc002wzv.4	33702754	33720319.0	-1	GO:0005777	GO:0003674	GO:0008150	Predicted intracellular proteins, Predicted membrane proteins, Transporters	Nucleoli fibrillar center<br>Peroxisomes	Renal cancer:4.03e-10 (favourable), Lung cancer:3.88e-4 (favourable)	Expressed in all	Expressed in all		parathyroid gland: 30.1
RAB22A	RAB22A, member RAS oncogene family	protein	ENSG00000124209	57403	612966.0	NM_020673	Q9UL26	uc002xyz.4	58309696	58367507.0	1	GO:0005768	GO:0003924	GO:0016192	Predicted intracellular proteins	Centrosome	Liver cancer:7.33e-5 (unfavourable)	Expressed in all	Expressed in all		parathyroid gland: 23.1
RAD21L1	RAD21 cohesin complex component like 1	protein	ENSG00000244588	642636		NM_001136566	Q9H4I0	uc010gab.1	1226056	1296421.0	1	GO:0005694	GO:0003674	GO:0051276	Predicted intracellular proteins			Not detected	Tissue enriched	testis: 21.7	seminal vesicle: 0.2
RALY	RALY heterogeneous nuclear ribonucleoprotein	protein	ENSG00000125970	22913	614663.0	NM_007367	Q9UKM9	uc002xab.4	33993646	34108308.0	1	GO:0032991	GO:0000988	GO:0006397	Plasma proteins, Predicted intracellular proteins	Nucleoplasm	Liver cancer:3.60e-4 (unfavourable)	Expressed in all	Expressed in all		testis: 140.8
RBBP8NL	RBBP8 N-terminal like	protein	ENSG00000130701	140893		NM_080833	Q8NC74	uc002ycw.3	62410237	62427533.0	-1	GO:0005615			Predicted intracellular proteins		Urothelial cancer:6.91e-4 (favourable)	Mixed	Tissue enhanced	small intestine: 5.2	duodenum: 4.5
RBCK1	RANBP2-type and C3HC4-type zinc finger containing 1	protein	ENSG00000125826	10616	610924.0	NM_001323956	Q9BYM8	uc002wdp.5	407498	430966.0	1	GO:0032991	GO:0032182	GO:0044403	Disease related genes, Enzymes, Plasma proteins, Potential drug targets, Predicted intracellular proteins		Renal cancer:7.41e-9 (unfavourable)	Expressed in all	Expressed in all		spleen: 51.2
RBL1	RB transcriptional corepressor like 1	protein	ENSG00000080839	5933	116957.0	NM_001323281	P28749	uc002xgi.5	36996349	37095995.0	-1	GO:0005654	GO:0008134	GO:0007049	Cancer-related genes, Plasma proteins, Predicted intracellular proteins, Predicted membrane proteins	Nucleoplasm	Renal cancer:2.52e-6 (unfavourable)	Expressed in all	Mixed		bone marrow: 9.2
RNF24	ring finger protein 24	protein	ENSG00000101236	11237	612489.0	NM_001134337	Q9Y225	uc002wkh.4	3927309	4015582.0	-1	GO:0005794	GO:0043167	GO:0009056	Predicted membrane proteins	Golgi apparatus	Renal cancer:2.67e-7 (unfavourable), Liver cancer:3.81e-5 (unfavourable)	Expressed in all	Mixed		bone marrow: 34.2
RRBP1	ribosome binding protein 1	protein	ENSG00000125844	6238	601418.0	NM_001042576	Q9P2E9	uc002wpw.2	17613678	17682295.0	-1	GO:0005840	GO:0003723	GO:0006412	Plasma proteins, Predicted intracellular proteins, Predicted membrane proteins	Endoplasmic reticulum	Endometrial cancer:1.41e-4 (favourable), Urothelial cancer:9.38e-4 (unfavourable)	Expressed in all	Expressed in all		thyroid gland: 218.2
RTEL1	regulator of telomere elongation helicase 1	protein	ENSG00000258366	51750	608833.0	NM_001283009	Q9NZ71	uc002yfu.3	63657810	63696253.0	1	GO:0005654	GO:0004386	GO:0051276	Disease related genes, Enzymes, Plasma proteins, Potential drug targets, Predicted intracellular proteins	Nuclear speckles<br>Nuclear bodies		Not detected	Expressed in all		testis: 13.2
SCAND1	SCAN domain containing 1	protein	ENSG00000171222	51282	610416.0	NM_016558	P57086	uc002xep.3	35953617	35959472.0	-1	GO:0005634	GO:0000988	GO:0008150	Plasma proteins, Predicted intracellular proteins	Nucleus<br>Actin filaments<br>Cytosol		Expressed in all	Expressed in all		duodenum: 29.4
SCRT2	scratch family transcriptional repressor 2	protein	ENSG00000215397	85508		NM_033129	Q9NQ03	uc002wec.3	661596	676179.0	-1	GO:0005575	GO:0003700	GO:0009058	Predicted intracellular proteins, Transcription factors	Nucleoplasm		Tissue enriched	Not detected		cerebral cortex: 0.6
SDCBP2	syndecan binding protein 2	protein	ENSG00000125775	27111	617358.0	NM_001199784	Q9H190	uc002wev.5	1309909	1329239.0	-1	GO:0005730	GO:0008289	GO:0008283	Predicted intracellular proteins	Vesicles<br>Cytosol	Lung cancer:2.42e-4 (unfavourable), Pancreatic cancer:3.07e-4 (unfavourable), Urothelial cancer:3.37e-4 (favourable)	Expressed in all	Tissue enhanced	duodenum: 135.1;small intestine: 143.9	stomach: 94.5
SIGLEC1	sialic acid binding Ig like lectin 1	protein	ENSG00000088827	6614	600751.0	NM_023068	Q9BZZ2	uc002wja.3	3686970	3707128.0	-1	GO:0005576	GO:0003674	GO:0007155	CD markers, Predicted intracellular proteins, Predicted membrane proteins		Renal cancer:8.69e-5 (unfavourable), Testis cancer:4.36e-4 (unfavourable)	Expressed in all	Mixed		placenta: 27.3
SIRPA	signal regulatory protein alpha	protein	ENSG00000198053	140885	602461.0	NM_001040022	P78324	uc002wfq.3	1894167	1940592.0	1	GO:0005886	GO:0003674	GO:0007155	CD markers, Plasma proteins, Predicted membrane proteins			Expressed in all	Expressed in all		cerebral cortex: 207.9
SIRPB1	signal regulatory protein beta 1	protein	ENSG00000101307	10326	603889.0	NM_001083910	O00241, Q5TFQ8	uc010gai.4	1563521	1620061.0	-1	GO:0005886	GO:0003674	GO:0016192	CD markers, Plasma proteins, Predicted intracellular proteins, Predicted membrane proteins, Predicted secreted proteins	Vesicles		Mixed	Tissue enhanced	appendix: 38.7;bone marrow: 33.7	lung: 28.0
SIRPB2	signal regulatory protein beta 2	protein	ENSG00000196209	284759		NM_001122962	Q5JXA9	uc002wfg.3	1470741	1491587.0	-1	GO:0005575			Predicted membrane proteins	Nuclear bodies		Mixed	Tissue enhanced	appendix: 17.0	placenta: 10.9
SIRPD	signal regulatory protein delta	protein	ENSG00000125900	128646		NM_178460	Q9H106	uc002wfi.4	1534251	1558843.0	-1	GO:0005576			Predicted intracellular proteins, Predicted secreted proteins			Not detected	Tissue enriched	testis: 72.6	appendix: 3.9
SIRPG	signal regulatory protein gamma	protein	ENSG00000089012	55423	605466.0	NM_001039508	Q9P1W8	uc002wfm.1	1629152	1657779.0	-1	GO:0005622	GO:0003674	GO:0007267	CD markers, Predicted membrane proteins		Melanoma:7.36e-7 (favourable), Endometrial cancer:1.05e-6 (favourable), Renal cancer:1.47e-6 (unfavourable), Head and neck cancer:2.24e-4 (favourable)	Mixed	Tissue enhanced	lymph node: 38.8;tonsil: 25.8	appendix: 16.9
SLC13A3	solute carrier family 13 member 3	protein	ENSG00000158296	64849	606411.0	NM_001011554	Q8WWT9	uc002xsf.3	46557823	46684467.0	-1	GO:0005886	GO:0022857	GO:0055085	Predicted membrane proteins, Transporters	Plasma membrane		Mixed	Tissue enriched	kidney: 431.7	placenta: 60.9
SLC23A2	solute carrier family 23 member 2	protein	ENSG00000089057	9962	603791.0	NM_005116	Q9UGH3	uc002wlh.1	4852356	5010293.0	-1	GO:0005737	GO:0022857	GO:0005975	Predicted membrane proteins, Transporters	Golgi apparatus<br>Vesicles	Urothelial cancer:6.08e-5 (favourable), Pancreatic cancer:7.14e-5 (favourable), Liver cancer:3.35e-4 (favourable)	Expressed in all	Expressed in all		adrenal gland: 98.2
SLC24A3	solute carrier family 24 member 3	protein	ENSG00000185052	57419	609839.0	NM_020689	Q9HC58	uc002wrl.4	19212646	19722937.0	1	GO:0005886	GO:0022857	GO:0055085	Predicted membrane proteins, Transporters		Thyroid cancer:6.08e-4 (unfavourable)	Mixed	Mixed		endometrium: 47.7
SLX4IP	SLX4 interacting protein	protein	ENSG00000149346	128710	615958.0	NM_001009608	Q5VYV7	uc010zre.3	10435303	10636829.0	1		GO:0003674		Disease related genes, Predicted intracellular proteins	Cytosol	Renal cancer:9.51e-4 (unfavourable)	Expressed in all	Mixed		parathyroid gland: 8.1
SMOX	spermine oxidase	protein	ENSG00000088826	54498	615854.0	NM_001270691	Q9NWM0	uc002wkm.2	4120980	4187747.0	1	GO:0005654	GO:0016491	GO:0009056	Enzymes, FDA approved drug targets, Predicted intracellular proteins	Nucleoplasm<br>Nuclear membrane<br>Vesicles	Liver cancer:3.33e-6 (unfavourable), Renal cancer:1.06e-4 (unfavourable), Lung cancer:1.36e-4 (unfavourable)	Expressed in all	Tissue enhanced	cerebral cortex: 49.7	gallbladder: 23.5
SNAP25	synaptosome associated protein 25	protein	ENSG00000132639	6616	600322.0	NM_001322902	P60880	uc002wnr.3	10218830	10307418.0	1	GO:0005856	GO:0003674	GO:0007267	Disease related genes, FDA approved drug targets, Predicted intracellular proteins, Transporters			Group enriched	Tissue enriched	cerebral cortex: 1759.0	adrenal gland: 57.2
SNPH	syntaphilin	protein	ENSG00000101298	9751	604942.0	NM_001318234	O15079	uc002wes.4	1266316	1309328.0	1	GO:0005737	GO:0003674	GO:0030154	Predicted membrane proteins	Cytokinetic bridge<br>Mitochondria	Pancreatic cancer:6.97e-5 (favourable)	Mixed	Tissue enhanced	cerebral cortex: 33.6	seminal vesicle: 15.6
SOX12	SRY-box 12	protein	ENSG00000177732	6666	601947.0	NM_006943	O15370	uc002wdh.5	325595	330224.0	1	GO:0005654	GO:0000988	GO:0065003	Predicted intracellular proteins, Transcription factors	Nucleoplasm	Liver cancer:6.64e-5 (unfavourable)	Expressed in all	Mixed		cerebral cortex: 10.7
SPTLC3	serine palmitoyltransferase long chain base subunit 3	protein	ENSG00000172296	55304	611120.0	NM_018327	Q9NUV7	uc002wod.2	13008979	13169103.0	1	GO:0032991	GO:0016746	GO:0006629	Enzymes, Predicted intracellular proteins, Predicted membrane proteins	Microtubules	Renal cancer:4.51e-7 (favourable), Pancreatic cancer:6.02e-4 (unfavourable)	Expressed in all	Mixed		thyroid gland: 40.8
SRXN1	sulfiredoxin 1	protein	ENSG00000271303	140809	617583.0	NM_080725	Q9BYN0	uc002wea.5	646615	653370.0	-1	GO:0005829	GO:0016491	GO:0006950	Enzymes, Predicted intracellular proteins		Liver cancer:6.22e-5 (unfavourable)	Mixed	Expressed in all		adrenal gland: 44.5
STAU1	staufen double-stranded RNA binding protein 1	protein	ENSG00000124214	6780	601716.0	NM_001037328	O95793	uc002xud.3	49113339	49188367.0	-1	GO:0005783	GO:0003723	GO:0042592	Plasma proteins, Predicted intracellular proteins	Cytosol	Prostate cancer:4.41e-4 (unfavourable)	Expressed in all	Expressed in all		parathyroid gland: 140.5
STK4	serine/threonine kinase 4	protein	ENSG00000101109	6789	604965.0	NM_006282	Q13043	uc002xnb.4	44966474	45079959.0	1	GO:0005654	GO:0008134	GO:0000902	Disease related genes, Enzymes, Potential drug targets, Predicted intracellular proteins, RAS pathway related proteins	Nucleoplasm<br>Nuclear bodies<br>Cytosol	Renal cancer:1.84e-5 (unfavourable), Liver cancer:8.04e-4 (unfavourable)	Expressed in all	Expressed in all		lymph node: 50.6
STK35	serine/threonine kinase 35	protein	ENSG00000125834	140901	609370.0	NM_080836	Q8TDR2	uc002wfw.5	2101611	2177038.0	1	GO:0005730	GO:0016301	GO:0006464	Enzymes, Predicted intracellular proteins	Nucleus<br>Nuclear bodies	Liver cancer:9.46e-6 (unfavourable)	Expressed in all	Expressed in all		testis: 25.2
SULF2	sulfatase 2	protein	ENSG00000196562	55959	610013.0	NM_001161841	Q8IWU5	uc002xto.4	47656348	47786616.0	-1	GO:0005783	GO:0043167	GO:0030198	Plasma proteins, Predicted intracellular proteins, Predicted secreted proteins		Cervical cancer:6.43e-5 (unfavourable), Renal cancer:4.02e-4 (unfavourable)	Expressed in all	Expressed in all		endometrium: 166.9
TAF4	TATA-box binding protein associated factor 4	protein	ENSG00000130699	6874	601796.0	NM_003185	O00268	uc002ybs.3	61953469	62065810.0	-1	GO:0005654	GO:0008134	GO:0044403	Predicted intracellular proteins	Nucleoplasm	Liver cancer:3.31e-4 (unfavourable)	Expressed in all	Mixed		testis: 6.6
TBC1D20	TBC1 domain family member 20	protein	ENSG00000125875	128637	611663.0	NM_144628	Q96BZ9	uc002wds.4	435480	462553.0	-1	GO:0005783	GO:0030234	GO:0000902	Disease related genes, Predicted membrane proteins			Expressed in all	Expressed in all		parathyroid gland: 31.2
TCEA2	transcription elongation factor A2	protein	ENSG00000171703	6919	604784.0	NM_003195	Q15560	uc061yqu.1	64049836	64072347.0	1	GO:0032991	GO:0003677	GO:0009058	Predicted intracellular proteins	Nucleoplasm<br>Centrosome		Expressed in all	Expressed in all		cerebral cortex: 73.8
TCF15	transcription factor 15	protein	ENSG00000125878	6939	601010.0	NM_004609	Q12870	uc002wdz.4	603797	610398.0	-1	GO:0032991	GO:0003700	GO:0048646	Predicted intracellular proteins, Transcription factors	Nuclear speckles	Ovarian cancer:3.25e-4 (unfavourable)	Mixed	Group enriched	adipose tissue: 6.3;heart muscle: 3.4;placenta: 4.8;skeletal muscle: 4.6;testis: 1.3	lung: 0.7
TCFL5	transcription factor like 5	protein	ENSG00000101190	10732	604745.0	NM_001301726	Q9UL49	uc002ydp.3	62841115	62861763.0	-1	GO:0005634	GO:0003700	GO:0030154	Predicted intracellular proteins, Transcription factors	Nucleoplasm	Endometrial cancer:3.24e-4 (unfavourable)	Expressed in all	Expressed in all		testis: 144.4
TGM3	transglutaminase 3	protein	ENSG00000125780	7053	600238.0	NM_003245	Q08188	uc002wfx.5	2296001	2341078.0	1	GO:0005737	GO:0016746	GO:0065003	Disease related genes, Enzymes, Plasma proteins, Potential drug targets, Predicted intracellular proteins			Tissue enriched	Tissue enriched	esophagus: 1513.9	tonsil: 126.4
TGM6	transglutaminase 6	protein	ENSG00000166948	343641	613900.0	NM_001254734	O95932	uc002wfy.1	2380908	2432753.0	1	GO:0005737	GO:0016746	GO:0006464	Disease related genes, Enzymes, Potential drug targets, Predicted intracellular proteins			Not detected	Not detected		tonsil: 0.4
TM9SF4	transmembrane 9 superfamily member 4	protein	ENSG00000101337	9777	617727.0	NM_014742	Q92544	uc002wxj.2	32109506	32167258.0	1	GO:0005768	GO:0003674	GO:0007155	Predicted membrane proteins, Transporters	Mitochondria	Endometrial cancer:6.37e-6 (unfavourable), Liver cancer:2.15e-4 (unfavourable)	Expressed in all	Expressed in all		parathyroid gland: 93.1
TMC2	transmembrane channel like 2	protein	ENSG00000149488	117532	606707.0	NM_080751	Q8TDI7	uc002wgf.1	2536607	2641784.0	1	GO:0005886	GO:0022857	GO:0050877	Predicted membrane proteins			Not detected	Not detected		testis: 0.9
TMEM230	transmembrane protein 230	protein	ENSG00000089063	29058	617019.0	NM_001009923	Q96A57	uc002wlm.4	5068232	5113103.0	-1	GO:0005773		GO:0016192	Predicted membrane proteins	Endoplasmic reticulum		Expressed in all	Expressed in all		thyroid gland: 227.2
TOX2	TOX high mobility group box family member 2	protein	ENSG00000124191	84969	611163.0	NM_001098796	Q96NM4	uc010ggo.4	43914864	44069616.0	1	GO:0005654	GO:0003700	GO:0009058	Predicted intracellular proteins, Transcription factors	Nucleoplasm	Renal cancer:7.45e-8 (unfavourable), Endometrial cancer:2.60e-4 (unfavourable)	Expressed in all	Mixed		parathyroid gland: 19.8
TRIB3	tribbles pseudokinase 3	protein	ENSG00000101255	57761	607898.0	NM_001301188	Q96RU7	uc002wdm.4	362835	397559.0	1	GO:0005886	GO:0000988	GO:0006950	Enzymes, Predicted intracellular proteins	Nucleus<br>Nuclear membrane<br>Nucleoli	Renal cancer:2.07e-13 (unfavourable), Liver cancer:6.75e-5 (unfavourable), Head and neck cancer:1.70e-4 (unfavourable)	Expressed in all	Tissue enhanced	thyroid gland: 51.4	liver: 12.5
TSHZ2	teashirt zinc finger homeobox 2	protein	ENSG00000182463	128553	614118.0	NM_001193421	Q9NRE2	uc002xwo.3	52972407	53495330.0	1	GO:0005634	GO:0003700	GO:0048856	Predicted intracellular proteins, Transcription factors	Nucleoplasm<br>Golgi apparatus		Mixed	Mixed		ovary: 21.7
UBOX5	U-box domain containing 5	protein	ENSG00000185019	22888		NM_001267584	O94941	uc002whw.5	3107573	3160196.0	-1	GO:0005654	GO:0019899	GO:0006464	Enzymes, Predicted intracellular proteins	Nucleoplasm	Pancreatic cancer:1.80e-5 (favourable), Head and neck cancer:4.52e-5 (favourable)	Expressed in all	Expressed in all		fallopian tube: 7.1
UQCC1	ubiquinol-cytochrome c reductase complex assembly factor 1	protein	ENSG00000101019	55245	611797.0	NM_001184977	Q9NVA1		35302566	35412141.0	-1	GO:0031410	GO:0003674	GO:0065003	Plasma proteins, Predicted intracellular proteins, Predicted membrane proteins	Nucleoplasm<br>Plasma membrane<br>Actin filaments		Expressed in all	Expressed in all		parathyroid gland: 43.4
ZBTB46	zinc finger and BTB domain containing 46	protein	ENSG00000130584	140685	614639.0	NM_025224	Q86UZ6	uc061ypq.1	63743666	63831244.0	-1	GO:0005634	GO:0043167	GO:0009058	Predicted intracellular proteins, Transcription factors	Nucleus	Pancreatic cancer:2.17e-4 (favourable)	Expressed in all	Mixed		spleen: 13.3
ZFP64	ZFP64 zinc finger protein	protein	ENSG00000020256	55734		NM_001319146	Q9NPA5, Q9NTW7	uc002xwk.4	52051663	52204308.0	-1	GO:0005634	GO:0003677	GO:0009058	Predicted intracellular proteins, Transcription factors	Nucleus	Liver cancer:9.86e-7 (unfavourable)	Expressed in all	Expressed in all		skin: 13.8
ZGPAT	zinc finger CCCH-type and G-patch domain containing	protein	ENSG00000197114	84619		NM_001083113	Q8N5A5	uc002ygi.3	63707465	63736142.0	1	GO:0005886	GO:0003700	GO:0009058	Predicted intracellular proteins, Transcription factors	Nucleus<br>Plasma membrane	Head and neck cancer:6.17e-5 (favourable)	Expressed in all	Expressed in all		liver: 27.5
ZHX3	zinc fingers and homeoboxes 3	protein	ENSG00000174306	23051	609598.0	NM_015035	Q9H4I2	uc002xju.2	41178448	41317672.0	-1	GO:0005654	GO:0000988	GO:0030154	Plasma proteins, Predicted intracellular proteins, Transcription factors	Nucleoplasm	Urothelial cancer:1.84e-5 (unfavourable), Renal cancer:2.53e-5 (favourable), Endometrial cancer:1.62e-4 (unfavourable), Thyroid cancer:7.52e-4 (unfavourable)	Expressed in all	Expressed in all		testis: 43.5
ZNF133	zinc finger protein 133	protein	ENSG00000125846	7692	604075.0	NM_001083330	P52736	uc032pck.2	18288283	18316996.0	1	GO:0005634	GO:0003700	GO:0009058	Predicted intracellular proteins, Transcription factors	Nucleus<br>Vesicles	Liver cancer:4.46e-6 (unfavourable), Renal cancer:2.20e-5 (unfavourable)	Expressed in all	Expressed in all		epididymis: 20.1
ZNF217	zinc finger protein 217	protein	ENSG00000171940	7764	602967.0	NM_006526	O75362	uc002xwq.5	53567065	53609907.0	-1	GO:0005739	GO:0003700	GO:0048856	Predicted intracellular proteins, Transcription factors	Nuclear speckles		Expressed in all	Mixed		testis: 41.2
ZNF335	zinc finger protein 335	protein	ENSG00000198026	63925	610827.0	NM_022095	Q9H4Z2	uc002xqw.4	45948653	45972172.0	-1	GO:0005654	GO:0003677	GO:0009790	Disease related genes, Predicted intracellular proteins, Transcription factors	Nucleoplasm	Renal cancer:2.77e-5 (unfavourable), Liver cancer:1.59e-4 (unfavourable), Head and neck cancer:4.48e-4 (favourable), Prostate cancer:7.04e-4 (unfavourable)	Expressed in all	Expressed in all		skin: 24.6
ZNF341	zinc finger protein 341	protein	ENSG00000131061	84905		NM_001282933	Q9BYN7	uc002wzx.5	33731657	33792269.0	1	GO:0005634	GO:0003700	GO:0009058	Predicted intracellular proteins, Transcription factors	Nucleoplasm<br>Vesicles	Liver cancer:1.87e-4 (unfavourable), Head and neck cancer:3.93e-4 (favourable)	Expressed in all	Mixed		testis: 2.3
ZNF343	zinc finger protein 343	protein	ENSG00000088876	79175		NM_001282495	Q6P1L6	uc002wge.2	2481817	2524702.0	-1	GO:0005634	GO:0003677	GO:0009058	Plasma proteins, Predicted intracellular proteins, Transcription factors	Nucleoplasm	Liver cancer:1.38e-6 (unfavourable), Renal cancer:4.53e-5 (unfavourable)	Expressed in all	Mixed		parathyroid gland: 15.6
ZNF831	zinc finger protein 831	protein	ENSG00000124203	128611		NM_178457	Q5JPB2	uc002yan.4	59123381	59259113.0	1	GO:0005634	GO:0003700	GO:0048856	Predicted intracellular proteins			Not detected	Tissue enhanced	lymph node: 7.1	spleen: 3.6
ZSWIM3	zinc finger SWIM-type containing 3	protein	ENSG00000132801	140831		NM_080752	Q96MP5	uc002xqd.4	45857617	45879122.0	1		GO:0043167		Predicted intracellular proteins	Nucleoli fibrillar center<br>Vesicles<br>Cytosol	Breast cancer:9.32e-5 (unfavourable), Endometrial cancer:4.21e-4 (unfavourable)	Expressed in all	Mixed		testis: 5.2
